Type,Description,Uses
Aloevera,"Aloe vera is a succulent plant species of the genus Aloe. It is widely distributed, and is considered an invasive species in many world regions. An evergreen perennial, it originates from the Arabian Peninsula, but also grows wild in tropical, semi-tropical, and arid climates around the world.","Aloe vera is a succulent plant known for its numerous health and skincare benefits. Native to the Arabian Peninsula, it has been used for centuries for its medicinal properties. The gel found inside the thick leaves of the aloe vera plant is rich in vitamins, minerals, and antioxidants, making it a popular ingredient in various skincare products, such as moisturizers, lotions, and sunburn relief creams. Additionally, aloe vera is believed to have anti-inflammatory and wound-healing properties, making it a versatile remedy for minor cuts, burns, and skin irritations. With its soothing and nourishing qualities, aloe vera has earned a reputation as a natural and effective solution for promoting skin health and overall well-being."
Amla,"Phyllanthus emblica, also known as emblic, emblic myrobalan, myrobalan, Indian gooseberry, Malacca tree, or amla, from the Sanskrit ?????, is a deciduous tree of the family Phyllanthaceae. Its native range is tropical and southern Asia.","Amla, also known as Indian gooseberry, is a fruit rich in vitamin C and antioxidants, widely used in traditional Ayurvedic medicine. It supports immune function, aids digestion, promotes hair and skin health, and may help manage conditions like diabetes and heart disease. Its anti-inflammatory properties can alleviate symptoms of arthritis and asthma, while its hepatoprotective qualities benefit liver health. Regular consumption of amla is recommended for overall well-being and to enjoy its diverse medicinal benefits."
Bamboo,"Bamboo is a very fast growing, renewable and easy-to-grow resource. It is an extremely versatile material with countless uses including construction, clothes, food and fuel.","Bamboo, beyond its primary use as a versatile building material and a symbol of sustainability, holds medicinal properties valued in traditional medicine systems across various cultures. Its extracts and derivatives are believed to possess anti-inflammatory, antibacterial, and antioxidant properties. Bamboo shoots, commonly consumed as a vegetable, are rich in nutrients like fiber, vitamins, and minerals, contributing to digestive health and potentially aiding in weight management. Additionally, bamboo leaves and sap are utilized in teas and supplements for potential benefits such as promoting cardiovascular health, boosting immunity, and supporting bone density. While more research is needed to validate these claims scientifically, bamboo remains a fascinating botanical resource with promising medicinal potential."
Beans,"Bean, edible seed or seedpod of certain leguminous plants of the family Fabaceae. The genera Phaseolus and Vigna have several species each of well-known beans, though a number of economically important species can be found in various genera throughout the family. Rich in protein and providing moderate amounts of iron, thiamin, and riboflavin, beans are used worldwide for cooking in either fresh or dried form.","Beans, a staple food in many diets worldwide, offer not only nutritional benefits but also medicinal properties. Rich in fiber, protein, vitamins, and minerals, beans promote digestive health, regulate blood sugar levels, and support weight management by promoting satiety. Their low glycemic index makes them beneficial for individuals with diabetes, helping to control blood sugar spikes. Additionally, beans contain antioxidants and anti-inflammatory compounds that may reduce the risk of chronic diseases such as heart disease, cancer, and inflammation-related conditions. Incorporating beans into a balanced diet can contribute to overall wellness and may provide various health benefits beyond basic nutrition."
Betel,"The betel, Piper betle, is a species of flowering plant in the pepper family Piperaceae, native to Southeast Asia. It is an evergreen, dioecious vine, with glossy heart-shaped leaves and white catkins. Betel plants are cultivated for their leaves which are most commonly used as flavoring in chewing areca nut.","Betel leaves, commonly used in traditional medicine and cultural practices, possess medicinal properties attributed to their bioactive compounds. Chewing betel leaves, often with areca nut and slaked lime, is a traditional practice in many parts of Asia and the Pacific. Betel leaves are believed to have antiseptic, analgesic, and anti-inflammatory properties, making them useful for treating oral ailments such as mouth ulcers, toothaches, and bad breath. They are also thought to aid in digestion, alleviate respiratory issues like coughs and asthma, and provide relief from headaches. However, excessive betel leaf chewing has been associated with oral cancer and other health risks, so moderation is advised. While further research is needed to validate its medicinal uses, betel leaf remains a culturally significant herb with potential health benefits when used mindfully."
Chilly,"Chilli (Capsicum annuum L. and Capsicum frutescens L.) is a hot-tasting tropical berry belonging to the Solanaceae family. It was first discovered by Christopher Columbus in tropical America,2 and its use spread rapidly throughout the world because of its pungent flavour.","Chili peppers, often simply referred to as ""chilies"" or ""chillies,"" are widely used in cooking around the world. These spicy fruits come in various shapes, sizes, colors, and levels of heat. Despite their fiery flavor, chili peppers offer several medicinal benefits. They contain capsaicin, a compound known for its pain-relieving properties, making chilies useful in topical creams and patches for conditions like arthritis and neuropathy. Additionally, capsaicin may help with weight loss by increasing metabolism and reducing appetite. Chilies are also rich in vitamins, particularly vitamin C, and antioxidants that support immune function and combat inflammation. Consuming chili peppers in moderation can contribute to overall health and add a flavorful kick to dishes. However, excessive consumption can cause digestive discomfort and irritation, so it's essential to enjoy chilies in moderation."
Coffee,"Coffee, beverage brewed from the roasted and ground seeds of the tropical evergreen coffee plants of African origin. Coffee is one of the three most popular beverages in the world (alongside water and tea) and one of the most profitable international commodities.","Coffee leaves, often overshadowed by the popularity of coffee beans, have garnered attention for their potential medicinal properties. While less commonly used than coffee beans, the leaves of the coffee plant contain various bioactive compounds, including antioxidants such as chlorogenic acid and mangiferin. These antioxidants possess anti-inflammatory and antimicrobial properties, making coffee leaf tea a potential remedy for digestive issues, inflammation, and bacterial infections. Additionally, some studies suggest that coffee leaf extract may help regulate blood sugar levels and improve insulin sensitivity, potentially benefiting individuals with diabetes. While more research is needed to fully understand the health benefits of coffee leaves, they offer a promising alternative to traditional coffee consumption and may contribute to overall well-being."
Coriender,"Coriander, also known as cilantro, is an annual herb in the family Apiaceae. All parts of the plant are edible, but the fresh leaves and the dried seeds are the parts most traditionally used in cooking.","Coriander leaves, also known as cilantro or Chinese parsley, are a popular herb used in cuisines around the world. Beyond their culinary uses, coriander leaves boast several medicinal properties. They are rich in antioxidants, vitamins, and minerals, including vitamin C, vitamin K, and potassium. These nutrients contribute to overall health and may help boost immunity, promote healthy skin, and support bone health. Coriander leaves also contain compounds like cineole and linalool, which have anti-inflammatory and antibacterial properties, potentially aiding in digestive health and fighting off infections. Furthermore, some studies suggest that coriander leaves may help lower cholesterol levels and regulate blood sugar, making them beneficial for heart health and diabetes management. Incorporating coriander leaves into your diet not only adds flavor to dishes but also provides potential health benefits."
Drumstick,"Moringa oleifera is a fast-growing, drought-resistant tree of the family Moringaceae, native to the Indian subcontinent and used extensively in South and Southeast Asia. Common names include moringa, drumstick tree, horseradish tree, or malunggay","Drumstick leaves, derived from the Moringa oleifera tree, are highly nutritious, packed with vitamins, minerals, and antioxidants. Traditionally used in both culinary and medicinal practices, these leaves are believed to boost immunity, aid digestion, and possess anti-inflammatory properties. They have been studied for potential benefits in managing conditions such as diabetes and heart disease, making them a valuable addition to a healthy diet for overall well-being."
Ganigale,"Cyperus longus (Galingale) is a species of perennial grass in the family sedges. They have a self-supporting growth form. They are associated with freshwater habitat. They have simple, broad leaves. Individuals can grow to 0.54 m.","Oleander leaves come from the oleander plant (Nerium oleander), a popular ornamental shrub known for its attractive flowers. However, it's important to note that all parts of the oleander plant, including the leaves, are highly toxic if ingested. Oleander contains cardiac glycosides, which can cause serious health issues and even be fatal if consumed in large quantities. Despite its toxicity, oleander leaves have been used in traditional medicine for various purposes, including as a treatment for conditions such as asthma, epilepsy, and heart ailments. However, due to the plant's extreme toxicity, it's essential to avoid ingesting or using oleander leaves for any medicinal purpose without proper guidance from a qualified healthcare professional."
Ginger,"Ginger is a flowering plant whose rhizome, ginger root or ginger, is widely used as a spice and a folk medicine. It is a herbaceous perennial which grows annual pseudostems about one meter tall, bearing narrow leaf blades.","Ginger is a versatile spice with a long history of use in traditional medicine and culinary applications. It is derived from the root of the ginger plant (Zingiber officinale) and is known for its distinct spicy flavor and aroma. In traditional medicine, ginger is valued for its potential medicinal properties, including anti-inflammatory, antioxidant, and digestive benefits. It is commonly used to alleviate nausea, aid digestion, reduce inflammation, and relieve sore muscles and joint pain. Additionally, ginger is often incorporated into various dishes, teas, and beverages for its unique flavor and warming qualities. Overall, ginger is a popular and widely used ingredient with both culinary and medicinal significance."
Guava,"Guava is a common tropical fruit cultivated in many tropical and subtropical regions. The common guava Psidium guajava is a small tree in the myrtle family, native to Mexico, Central America, the Caribbean and northern South America","Guava leaves, derived from the guava tree (Psidium guajava), offer a range of potential health benefits. They are rich in antioxidants, flavonoids, and other bioactive compounds, making them a popular ingredient in traditional medicine and herbal remedies. Guava leaves are commonly used to make teas and extracts, which are believed to have antimicrobial, anti-inflammatory, and antidiabetic properties. These leaves have been studied for their potential to lower blood sugar levels, improve digestion, boost immunity, and promote overall well-being. Additionally, guava leaf extract may have potential applications in skincare, as it is thought to help treat acne and promote wound healing. While more research is needed to fully understand the extent of their medicinal uses, guava leaves are valued for their potential health benefits and are commonly used in various forms for their therapeutic properties."
Henna,"Lawsonia inermis, also known as hina, the henna tree, the mignonette tree, and the Egyptian privet, is a flowering plant and one of the only two species of the genus Lawsonia, with the other being Lawsonia odorata. The species is named after the Scottish physician Isaac Lawson, a good friend of Linnaeus.","Henna leaves, derived from the henna plant, are renowned for their dyeing properties used in temporary tattoos and hair coloring. In addition to cosmetic applications, henna is believed to possess cooling, anti-inflammatory, and antimicrobial properties, making it valuable in traditional medicine for soothing skin conditions like rashes and burns. However, caution is advised due to potential variations in product quality and the risk of adverse reactions, emphasizing the importance of using pure, natural henna from reputable sources."
Hibiscus,"Hibiscus is a genus of flowering plants in the mallow family, Malvaceae. The genus is quite large, comprising several hundred species that are native to warm temperate, subtropical and tropical regions throughout the world.","Hibiscus leaves come from the hibiscus plant, known for its vibrant flowers and potential medicinal properties. These leaves are commonly used to brew herbal teas rich in antioxidants, such as flavonoids and polyphenols, which may offer various health benefits. Hibiscus leaf tea is often consumed to support cardiovascular health, regulate blood pressure and cholesterol levels, and promote weight management. Additionally, hibiscus leaves are believed to have anti-inflammatory and diuretic effects, potentially aiding in digestion and detoxification. While more research is needed to fully understand their medicinal uses, hibiscus leaves are valued for their potential health benefits and pleasant taste in herbal infusions."
Jasmine,"Jasmine is a genus of shrubs and vines in the olive family of Oleaceae. It contains around 200 species native to tropical and warm temperate regions of Eurasia, Africa, and Oceania. Jasmines are widely cultivated for the characteristic fragrance of their flowers","Jasmine is a fragrant flower known for its delicate aroma and ornamental beauty. In addition to its aesthetic appeal, jasmine is valued for its potential medicinal and therapeutic properties. Jasmine essential oil, extracted from the flowers, is often used in aromatherapy for its calming and stress-relieving effects. The scent of jasmine is believed to promote relaxation, improve mood, and reduce anxiety and depression symptoms. Furthermore, jasmine tea, made from jasmine-scented green tea leaves, is consumed for its antioxidant properties and potential health benefits, including improved heart health, digestion, and immune function. While more research is needed to fully understand the extent of jasmine's medicinal uses, it is celebrated for its aromatic and soothing qualities, making it a popular choice in both traditional medicine and perfumery."
Lemon,"The lemon is a species of small evergreen tree in the flowering plant family Rutaceae, native to Asia, primarily Northeast India, Northern Myanmar, and China.","Lemon is a citrus fruit prized for its refreshing taste and versatile uses. Rich in vitamin C and antioxidants, lemon offers various health benefits. Consuming lemon or its juice may support immune function, aid digestion, and promote hydration. Lemon water is a popular beverage believed to aid detoxification, boost metabolism, and support weight loss. Additionally, lemon zest and juice add flavor to dishes and beverages, enhancing both savory and sweet recipes. Lemon essential oil is used in aromatherapy for its uplifting and invigorating scent, promoting mental clarity and relaxation. Overall, lemon is a versatile fruit celebrated for its culinary, medicinal, and aromatic properties."
Mango,"Mangifera indica, commonly known as mango, is a species of flowering plant in the family Anacardiaceae. It is a large fruit tree, capable of growing to a height of 30 metres. There are two distinct genetic populations in modern mangoes – the ""Indian type"" and the ""Southeast Asian type""","Mango leaves, derived from the mango tree (Mangifera indica), are valued in traditional medicine for their potential health benefits. Rich in antioxidants, vitamins, and minerals, mango leaves have been used to make herbal teas and extracts believed to have medicinal properties. Mango leaf tea is often consumed to promote overall health, boost immunity, and regulate blood sugar levels. Some studies suggest that mango leaves may have hypoglycemic effects, making them beneficial for individuals with diabetes. Additionally, mango leaves are believed to possess anti-inflammatory, antimicrobial, and diuretic properties, potentially aiding in digestion, promoting skin health, and supporting urinary tract health. While more research is needed to fully understand their medicinal uses, mango leaves are valued for their potential health benefits and are commonly used in traditional medicine practices."
Marigold,"Tagetes is a genus of 50 species of annual or perennial, mostly herbaceous plants in the family Asteraceae. They are among several groups of plants known in English as marigolds. The genus Tagetes was described by Carl Linnaeus in 1753.","Marigold, known scientifically as Tagetes, is a colorful and aromatic flower with various traditional and medicinal uses. Its vibrant blooms make it a popular choice in gardens and floral arrangements, while its potential medicinal properties have been recognized for centuries. Marigold flowers are rich in antioxidants, such as flavonoids and carotenoids, which contribute to their anti-inflammatory and antimicrobial effects. Marigold extract or oil is commonly used in skincare products for its ability to soothe irritated skin, promote wound healing, and alleviate symptoms of conditions like eczema and dermatitis. Additionally, marigold tea is believed to have digestive benefits, relieving symptoms of indigestion and stomach discomfort. In traditional medicine, marigold has also been used to support eye health and alleviate symptoms of conjunctivitis and other eye infections"
Mint,Mentha is a genus of plants in the family Lamiaceae. The exact distinction between species is unclear; it is estimated that 13 to 24 species exist. Hybridization occurs naturally where some species' ranges overlap. Many hybrids and cultivars are known.,"Mint leaves, derived from the aromatic herb Mentha, are prized for their refreshing flavor and various health benefits. Rich in antioxidants, vitamins, and minerals, mint leaves are commonly used in culinary dishes, beverages, and herbal remedies. Mint tea, made by steeping fresh or dried mint leaves, is popular for its soothing effects on digestion and potential to relieve symptoms of indigestion, bloating, and nausea. Mint leaves also contain menthol, which provides a cooling sensation and may help alleviate headaches, sinus congestion, and respiratory issues. Furthermore, mint leaves are valued for their antimicrobial properties, contributing to oral health and freshening breath. Whether consumed fresh, dried, or in tea form, mint leaves offer a flavorful and invigorating addition to various dishes and beverages, while also providing potential health benefits."
Neem,"Azadirachta indica, commonly known as neem, margosa, nimtree or Indian lilac, is a tree in the mahogany family Meliaceae. It is one of two species in the genus Azadirachta.","Neem leaves, derived from the neem tree (Azadirachta indica), are renowned for their potent medicinal properties and extensive use in traditional medicine. Rich in antioxidants, neem leaves possess anti-inflammatory, antimicrobial, and antifungal properties, making them valuable for promoting overall health and treating various ailments. Neem leaf extract or tea is commonly used to support immune function, cleanse the blood, and promote skin health, helping to alleviate conditions like acne, eczema, and psoriasis. Additionally, neem leaves are believed to have antidiabetic effects, aiding in the regulation of blood sugar levels. Furthermore, neem leaves are valued for their ability to repel insects and pests, making them a natural and eco-friendly alternative to chemical pesticides. Whether used topically or consumed internally, neem leaves offer a versatile and holistic approach to wellness, addressing a wide range of health concerns."
Onion,"An onion, also known as the bulb onion or common onion, is a vegetable that is the most widely cultivated species of the genus Allium. The shallot is a botanical variety of the onion which was classified as a separate species until 2011. Its close relatives include garlic, scallion, leek, and chive.","Onion leaves, also known as scallions or green onions, are the edible leaves of the onion plant (Allium cepa). While the focus is often on the bulb of the onion, the green tops of the plant are also nutritious and flavorful. Onion leaves are commonly used in cooking, adding a mild onion flavor and a fresh, crisp texture to dishes. They are frequently used as a garnish in salads, soups, stir-fries, and various other culinary preparations. Additionally, onion leaves contain vitamins, minerals, and antioxidants, offering potential health benefits such as supporting immune function, promoting heart health, and reducing inflammation. Their versatility and nutritional value make onion leaves a valuable addition to a balanced diet."
Palak,"Spinach is a leafy green flowering plant native to central and Western Asia. It is of the order Caryophyllales, family Amaranthaceae, subfamily Chenopodioideae. Its leaves are a common edible vegetable consumed either fresh, or after storage using preservation techniques by canning, freezing, or dehydration","Palak, also known as spinach, is a leafy green vegetable celebrated for its nutritional value and versatility in cooking. Rich in vitamins, minerals, and antioxidants, palak is renowned for its potential health benefits. It is a good source of vitamins A, C, and K, as well as iron, calcium, and folate. Consuming palak regularly may support immune function, promote bone health, and improve cardiovascular health. Additionally, its high fiber content contributes to digestive health and may aid in weight management. Palak is commonly used in various cuisines worldwide, including salads, soups, curries, and side dishes. Whether consumed raw or cooked, palak offers a delicious and nutritious addition to a balanced diet."
Papaya,"The papaya, papaw, or pawpaw is the plant species Carica papaya, one of the 21 accepted species in the genus Carica of the family Caricaceae. It was first domesticated in Mesoamerica, within modern-day southern Mexico and Central America. It is grown in several countries in regions with a tropical climate","Papaya leaves, derived from the papaya tree (Carica papaya), are recognized for their potential medicinal properties. Rich in enzymes like papain and nutrients such as vitamins A, C, and E, papaya leaves offer various health benefits. Papain, in particular, is known for its digestive properties and ability to break down proteins, aiding in digestion and relieving symptoms of indigestion and bloating. Additionally, papaya leaves contain antioxidants and anti-inflammatory compounds that may support immune function, promote skin health, and reduce inflammation. Papaya leaf extract is commonly used in traditional medicine for its potential to boost platelet count and alleviate symptoms of dengue fever and other viral infections. Whether consumed as tea, juice, or in supplement form, papaya leaves offer a natural and holistic approach to wellness. However, it's essential to use caution and consult with a healthcare professional before using papaya leaves medicinally."
Parijatha,"Nyctanthes arbor-tristis is a species of Nyctanthes native to South Asia and Southeast Asia. It is commonly known as night-blooming jasmine, tree of sadness, tree of sorrow, hengra bubar, coral jasmine and in Singapore seri gading.","Parijatha, also known as Nyctanthes arbor-tristis or the Night-flowering Jasmine, is a fragrant flowering plant native to Southeast Asia and the Indian subcontinent. Revered for its aromatic blossoms, parijatha holds cultural significance and is often used in religious ceremonies and traditional practices. The flowers bloom at night and have a strong, sweet fragrance. In traditional medicine, various parts of the parijatha plant, including the flowers, leaves, and bark, are believed to possess medicinal properties. Parijatha is used in herbal remedies to treat conditions such as fever, respiratory ailments, arthritis, and skin disorders. Additionally, the plant's aromatic qualities make it a popular ingredient in perfumes, incense, and aromatic oils. Parijatha's cultural, medicinal, and aromatic significance contributes to its continued popularity and widespread use across different cultures."
Pea,"Pea is a pulse, vegetable or fodder crop, but the word often refers to the seed or sometimes the pod of this flowering plant species, formerly 'Pisum sativum', it has been proposed to rename the species as Lathyrus oleraceus based on the work of Schaefer et al","Peas, members of the legume family, are small spherical seeds harvested from the pods of the Pisum sativum plant. They are commonly consumed as a nutritious vegetable and offer various health benefits. Peas are rich in fiber, vitamins (such as vitamin C, vitamin K, and B vitamins), minerals (including iron, magnesium, and potassium), and antioxidants. Regular consumption of peas may support digestive health, promote heart health, regulate blood sugar levels, and contribute to weight management. Peas can be enjoyed fresh, frozen, or dried, and are versatile in cooking, being used in soups, salads, stir-fries, and side dishes. Their sweet flavor and tender texture make peas a popular and nutritious addition to a balanced diet."
Pomoegranate,"The pomegranate is a fruit-bearing deciduous shrub in the family Lythraceae, subfamily Punicoideae, that grows between 5 and 10 m tall. The pomegranate is rich in symbolic and mythological associations in many cultures.","Pomegranate leaves, derived from the pomegranate tree (Punica granatum), offer potential health benefits in addition to the fruit itself. Although less commonly used than the fruit, pomegranate leaves contain bioactive compounds such as polyphenols, flavonoids, and tannins, which contribute to their medicinal properties. Pomegranate leaf extract is believed to have antioxidant, anti-inflammatory, and antimicrobial effects, making it valuable in traditional medicine. Some studies suggest that pomegranate leaves may help lower blood pressure, reduce inflammation, and improve heart health. Additionally, pomegranate leaf tea is consumed for its potential to support digestion and boost immunity. While more research is needed to fully understand the extent of their medicinal uses, pomegranate leaves offer a holistic approach to wellness and are valued for their potential health benefits."
Pumpkin,"A pumpkin, in English-language vernacular, is a cultivated winter squash in the genus Cucurbita. The term is most commonly applied to round, orange-colored squash varieties, though it does not possess a scientific definition and may be used in reference to many different squashes of varied appearance.","Pumpkin, a type of winter squash, is renowned for its vibrant color, sweet flavor, and numerous health benefits. Rich in vitamins, minerals, and antioxidants, pumpkin is a nutrient-dense food that supports overall well-being. It is particularly high in vitamins A and C, as well as potassium, fiber, and beta-carotene. Consuming pumpkin may promote eye health, boost immunity, aid digestion, and support heart health. Additionally, pumpkin seeds, also known as pepitas, are a good source of protein, healthy fats, and micronutrients like zinc and magnesium. Pumpkin can be enjoyed in various culinary preparations, including soups, stews, roasted dishes, baked goods, and desserts. Its versatility, nutritional value, and delicious taste make pumpkin a popular and nutritious addition to a balanced diet."
Raddish,"The radish is an edible root vegetable of the mustard family, Brassicaceae, that was domesticated in Asia prior to Roman times.","Radish, a root vegetable belonging to the Brassicaceae family, is prized for its crisp texture, peppery flavor, and nutritional benefits. Rich in fiber, vitamins C and K, and antioxidants, radishes offer various health benefits. Consuming radishes may support digestive health, aid in weight management, and promote heart health by lowering cholesterol levels and regulating blood pressure. Additionally, radishes contain compounds with anti-inflammatory and antimicrobial properties, contributing to overall well-being. Radishes can be enjoyed raw in salads, sandwiches, and wraps, or cooked in stir-fries, soups, and side dishes. Their versatility, refreshing taste, and nutritional profile make radishes a popular and nutritious addition to a balanced diet."
Rose,"A rose is either a woody perennial flowering plant of the genus Rosa, in the family Rosaceae, or the flower it bears. There are over three hundred species and tens of thousands of cultivars.","Rose leaves, derived from the rose plant (Rosa), offer potential health benefits in addition to the beauty of the flowers. While the focus is often on the fragrant blooms, rose leaves also contain bioactive compounds that contribute to their medicinal properties. Rose leaf extract is believed to have antioxidant, anti-inflammatory, and antimicrobial effects, making it valuable in traditional medicine. Some studies suggest that rose leaves may help promote skin health by soothing irritation, reducing redness, and hydrating the skin. Additionally, rose leaf tea is consumed for its potential to support digestion, boost immunity, and promote relaxation. While more research is needed to fully understand the extent of their medicinal uses, rose leaves offer a holistic approach to wellness and are valued for their potential health benefits."
Sampige,"Agave amica, formerly Polianthes tuberosa, the tuberose, is a perennial plant in the family Asparagaceae, subfamily Agavoideae, extracts of which are used as a note in perfumery. Now widely grown as an ornamental plant, the species was originally native to Mexico.","Champak, also known as Champaca or Magnolia champaca, is a fragrant flowering tree native to Southeast Asia and India. Renowned for its aromatic blossoms, champak holds cultural significance and is often used in religious ceremonies, perfumery, and traditional practices. The flowers of the champak tree are highly fragrant, with a sweet and exotic scent. In traditional medicine, various parts of the champak plant, including the flowers and bark, are believed to possess medicinal properties. Champak is used in herbal remedies to treat conditions such as fever, headache, and inflammation. Additionally, the plant's aromatic qualities make it a popular ingredient in perfumes, incense, and aromatic oils. Champak's cultural, medicinal, and aromatic significance contributes to its continued popularity and widespread use across different cultures."
Sapota,"Manilkara zapota, commonly known as sapodilla, sapote, chicozapote, chicoo, chicle, naseberry, nispero, or soapapple, among other names, is an evergreen tree native to southern Mexico and Central America.","Sapota, also known as chikoo or sapodilla, is a sweet and tropical fruit native to Mexico, Central America, and the Caribbean. The fruit is oval-shaped with a rough, sandy brown skin and sweet, juicy flesh. Sapota is prized for its delicious flavor, which is often described as a blend of pear, banana, and caramel. Rich in vitamins, minerals, and dietary fiber, sapota offers various health benefits. It contains vitamin C, vitamin E, potassium, and antioxidants, which may support immune function, promote heart health, and improve digestion. Additionally, sapota is a natural source of energy due to its high carbohydrate content, making it a satisfying and nutritious snack. Sapota can be enjoyed fresh, added to fruit salads, smoothies, desserts, and even used in cooking. Its sweet taste and nutritional value make sapota a popular and enjoyable fruit choice."
Seethapala,"Custard apple is a tropical fruit that grows mostly in tropical climates. The fruits are heart-shaped with light green exterior and smooth creamy white flesh and are well-known for their exquisite taste. The fruit is high in carbs, minerals, and a good source of vitamin c.","Custard apple leaves, derived from the Annona genus of trees, are traditionally believed to possess medicinal properties, although their specific uses are not as well-documented as those of the fruit. These leaves are thought to contain compounds with anti-inflammatory, antimicrobial, and antioxidant properties, and have been used in some cultures to address digestive issues, fever, and skin problems. However, scientific research on the medicinal uses of custard apple leaves is limited, and caution should be exercised when using them for medicinal purposes without proper guidance."
Spinach1,"Spinach is a leafy green flowering plant native to central and Western Asia. It is of the order Caryophyllales, family Amaranthaceae, subfamily Chenopodioideae. Its leaves are a common edible vegetable consumed either fresh, or after storage using preservation techniques by canning, freezing, or dehydration","Spinach, a leafy green vegetable, is prized for its nutritional value and versatile culinary uses. Rich in vitamins, minerals, and antioxidants, spinach offers various health benefits. It is particularly high in vitamins A, C, and K, as well as folate, iron, and magnesium. Consuming spinach may support eye health, boost immunity, promote bone health, and improve cardiovascular health. Additionally, spinach is low in calories and carbohydrates, making it an excellent choice for those looking to manage their weight or blood sugar levels. Spinach can be enjoyed raw in salads, sandwiches, and smoothies, or cooked in soups, stir-fries, casseroles, and side dishes. Its mild flavor and tender texture make spinach a popular and nutritious addition to a balanced diet."
Tamarind,"Tamarind is a leguminous tree bearing edible fruit that is indigenous to tropical Africa and naturalized in Asia. The genus Tamarindus is monotypic, meaning that it contains only this species. It belongs to the family Fabaceae","Tamarind is a tropical fruit known for its sweet and tangy flavor. It grows on tall trees in pod-like structures, with a brown, brittle shell covering the pulp and seeds inside. Tamarind pulp is widely used in cooking, especially in Asian, African, and Latin American cuisines, to add a sour and fruity taste to dishes. It's often used in sauces, chutneys, soups, marinades, beverages, and desserts. Beyond its culinary uses, tamarind also offers various health benefits. It's rich in vitamins, minerals, and antioxidants, and is believed to aid digestion, promote heart health, and improve blood sugar control. Tamarind is versatile, flavorful, and prized for its unique taste and potential health properties."
Tomato,"The tomato is the edible berry of the plant Solanum lycopersicum, commonly known as the tomato plant. The species originated in western South America, Mexico, and Central America. The Nahuatl word tomatl gave rise to the Spanish word tomate, from which the English word tomato derives.","Tomato, a fruit often mistaken for a vegetable due to its culinary uses, is a staple ingredient in cuisines worldwide. It is prized for its juicy texture, vibrant color, and versatile flavor. Tomatoes are rich in vitamins, especially vitamin C and vitamin K, as well as minerals like potassium and folate. They also contain antioxidants such as lycopene, which is associated with numerous health benefits, including reducing the risk of heart disease and certain cancers. Tomatoes can be enjoyed raw in salads, sandwiches, and salsas, or cooked in soups, sauces, and stews. Their delicious taste, nutritional value, and culinary versatility make tomatoes a beloved ingredient in countless dishes."
Tulsi,"Ocimum tenuiflorum, commonly known as holy basil or tulsi, is an aromatic perennial plant in the family Lamiaceae. It is native to tropical and subtropical regions of Australia, Malesia, Asia, and the western Pacific. It is widely cultivated throughout the Southeast Asian tropics.","Tulasi, also known as holy basil or Ocimum tenuiflorum, is a revered herb in Ayurvedic medicine and Hindu culture. It is highly regarded for its medicinal properties and spiritual significance. Tulasi is rich in antioxidants and phytochemicals, which contribute to its potential health benefits. It is believed to have anti-inflammatory, antimicrobial, and adaptogenic properties, making it useful for promoting overall wellness and supporting the immune system. Tulasi is commonly used to make herbal teas, extracts, and supplements, which are consumed to alleviate various ailments such as coughs, colds, respiratory issues, and stress. Additionally, tulasi leaves are often offered in religious ceremonies and rituals as a symbol of devotion and purification. Overall, tulasi holds a prominent place in traditional medicine and culture, valued for its holistic approach to health and spirituality."
Turmeric,"Turmeric or Curcuma longa, is a flowering plant in the ginger family Zingiberaceae. It is a perennial, rhizomatous, herbaceous plant native to the Indian subcontinent and Southeast Asia that requires temperatures between 20 and 30 °C and high annual rainfall to thrive","Turmeric, scientifically known as Curcuma longa, is a bright yellow-orange spice commonly used in cooking and traditional medicine. It is renowned for its potent anti-inflammatory and antioxidant properties, attributed to its active compound, curcumin. Turmeric has been used for centuries in Ayurvedic and traditional Chinese medicine to treat various ailments, including digestive issues, arthritis, skin conditions, and respiratory infections. Additionally, turmeric is believed to support heart health, boost immunity, and improve cognitive function. It is often incorporated into curries, soups, stews, and teas for its distinct flavor and potential health benefits. Turmeric's versatility and medicinal properties make it a valuable addition to a balanced diet and holistic wellness routine."
ashoka,"Saraca asoca, commonly known as the ashoka tree, is a plant belonging to the Detarioideae subfamily of the legume family. It is an important tree in the cultural traditions of the Indian subcontinent and adjacent areas. It is sometimes incorrectly known as Saraca indica.","Ashoka, also known as Saraca indica, is a revered tree in traditional Indian medicine and culture. It holds significant religious and symbolic importance in Hinduism and Buddhism and is associated with love, compassion, and fertility. In Ayurvedic medicine, various parts of the Ashoka tree, including the bark, flowers, and seeds, are used for their medicinal properties. The bark of the Ashoka tree is particularly valued for its potential to support women's health, including menstrual health and reproductive issues. It is believed to have astringent, anti-inflammatory, and uterine tonic properties, making it beneficial for conditions such as menstrual irregularities, menorrhagia (excessive menstrual bleeding), and uterine disorders. Additionally, Ashoka is revered for its ornamental beauty, with clusters of fragrant, bright orange-red flowers that bloom throughout the year. Overall, Ashoka holds a significant place in traditional medicine and culture, valued for its potential therapeutic benefits and symbolic significance."
camphor,"Camphora officinarum is a species of evergreen tree that is commonly known under the names camphor tree, camphorwood or camphor laurel. ","Camphor, derived from the wood of the camphor tree (Cinnamomum camphora), is a waxy, white substance with a strong, aromatic odor. It has been used for centuries in various cultures for its medicinal, aromatic, and insect-repellent properties. In traditional medicine, camphor is believed to have analgesic, anti-inflammatory, and antimicrobial effects, making it useful for alleviating pain, reducing inflammation, and treating respiratory conditions like coughs and congestion. Camphor is also commonly used in aromatherapy for its stimulating and refreshing scent, which is believed to promote mental clarity, relaxation, and respiratory health. Additionally, camphor is a common ingredient in topical ointments, liniments, and balms for its cooling and soothing effects on the skin and muscles. However, it's essential to use camphor cautiously and avoid ingesting it, as it can be toxic in large doses."
